{
    "model": "Deep",
    "train_acc": [
        0.8549856184084372,
        0.9400767018216682,
        0.9427133269415149,
        0.9379194630872483,
        0.9393576222435283,
        0.9513422818791947,
        0.948705656759348,
        0.9534995206136145,
        0.9491850431447747,
        0.9443911792905082
    ],
    "val_acc": [
        0.9386973180076629,
        0.9281609195402298,
        0.9406130268199234,
        0.946360153256705,
        0.9454022988505747,
        0.8946360153256705,
        0.9425287356321839,
        0.9521072796934866,
        0.9454022988505747,
        0.946360153256705
    ],
    "test_acc": 0.7932692307692307
}