{
    "model": "Deep",
    "train_acc": [
        0.8530680728667306,
        0.9204218600191755
    ],
    "val_acc": [
        0.9291187739463601,
        0.9406130268199234
    ],
    "test_acc": 0.7532051282051282
}