{
    "model": "Deep",
    "train_acc": [
        0.8672099712368169,
        0.9290508149568553,
        0.9431927133269415,
        0.9477468839884947,
        0.9489453499520614,
        0.9451102588686481,
        0.9551773729626079,
        0.9403163950143816,
        0.9551773729626079,
        0.9549376797698945,
        0.9503835091083414,
        0.9582933844678811,
        0.9568552253116012,
        0.9645254074784276,
        0.9554170661553212,
        0.9681208053691275,
        0.9642857142857143,
        0.9563758389261745,
        0.964765100671141,
        0.961888782358581
    ],
    "val_acc": [
        0.9013409961685823,
        0.946360153256705,
        0.9157088122605364,
        0.9444444444444444,
        0.896551724137931,
        0.9252873563218391,
        0.9492337164750958,
        0.8773946360153256,
        0.9454022988505747,
        0.9367816091954023,
        0.9482758620689655,
        0.9511494252873564,
        0.9540229885057471,
        0.946360153256705,
        0.9578544061302682,
        0.9348659003831418,
        0.9616858237547893,
        0.9224137931034483,
        0.9588122605363985,
        0.9386973180076629
    ],
    "test_acc": 0.7996794871794872
}