{
    "model": "logistic",
    "train_acc": [
        0.7334611697027804,
        0.7464046021093,
        0.7464046021093,
        0.7464046021093,
        0.7464046021093,
        0.7464046021093,
        0.7464046021093,
        0.7464046021093,
        0.7464046021093,
        0.7464046021093,
        0.7464046021093,
        0.7464046021093,
        0.7464046021093,
        0.7464046021093,
        0.7464046021093,
        0.7464046021093,
        0.7464046021093,
        0.7464046021093,
        0.7464046021093,
        0.7464046021093
    ],
    "val_acc": [
        0.7289272030651341,
        0.7289272030651341,
        0.7289272030651341,
        0.7289272030651341,
        0.7289272030651341,
        0.7289272030651341,
        0.7289272030651341,
        0.7289272030651341,
        0.7289272030651341,
        0.7289272030651341,
        0.7289272030651341,
        0.7289272030651341,
        0.7289272030651341,
        0.7289272030651341,
        0.7289272030651341,
        0.7289272030651341,
        0.7289272030651341,
        0.7289272030651341,
        0.7289272030651341,
        0.7289272030651341
    ],
    "test_acc": 0.625
}