{
    "model": "logistic",
    "train_acc": [
        0.736816874400767,
        0.7425695110258869,
        0.7425695110258869,
        0.7389741131351869,
        0.7464046021093,
        0.7464046021093,
        0.7464046021093,
        0.7464046021093,
        0.7464046021093,
        0.7464046021093
    ],
    "val_acc": [
        0.7289272030651341,
        0.7289272030651341,
        0.7289272030651341,
        0.7289272030651341,
        0.7289272030651341,
        0.7289272030651341,
        0.7289272030651341,
        0.7289272030651341,
        0.7289272030651341,
        0.7289272030651341
    ],
    "test_acc": 0.625
}